binary_package	binary_version	source_package	source_version
adwaita-icon-theme	41.0-1ubuntu1	adwaita-icon-theme	41.0-1ubuntu1
apt	2.4.14	apt	2.4.14
base-files	12ubuntu4.7	base-files	12ubuntu4.7
binutils-x86-64-linux-gnu	2.38-4ubuntu2.12	binutils	2.38-4ubuntu2.12
comerr-dev	2.1-1.46.5-2ubuntu1.2	e2fsprogs	1.46.5-2ubuntu1.2
firebird-dev	3.0.8.33535.ds4-1ubuntu2	firebird3.0	3.0.8.33535.ds4-1ubuntu2
freetds-dev	1.3.6-1	freetds	1.3.6-1
gcc-11	11.4.0-1ubuntu1~22.04.3	gcc-11	11.4.0-1ubuntu1~22.04.3
gettext	0.21-4ubuntu4	gettext	0.21-4ubuntu4
krb5-multidev	1.19.2-2ubuntu0.7	krb5	1.19.2-2ubuntu0.7
libacl1	2.3.1-1	acl	2.3.1-1
libacl1-dev	2.3.1-1	acl	2.3.1-1
libapparmor1	3.0.4-2ubuntu2.5	apparmor	3.0.4-2ubuntu2.5
libapt-pkg6.0	2.4.14	apt	2.4.14
libarchive13	3.6.0-1ubuntu1.6	libarchive	3.6.0-1ubuntu1.6
libargon2-1	0~20171227-0.3	argon2	0~20171227-0.3
libasan6	11.4.0-1ubuntu1~22.04.3	gcc-11	11.4.0-1ubuntu1~22.04.3
libasound2	1.2.6.1-1ubuntu1.1	alsa-lib	1.2.6.1-1ubuntu1.1
libasound2-dev	1.2.6.1-1ubuntu1.1	alsa-lib	1.2.6.1-1ubuntu1.1
libassuan0	2.5.5-1build1	libassuan	2.5.5-1build1
libasyncns0	0.8-6build2	libasyncns	0.8-6build2
libatk-bridge2.0-0	2.38.0-3	at-spi2-atk	2.38.0-3
libatk-bridge2.0-dev	2.38.0-3	at-spi2-atk	2.38.0-3
libatk1.0-0	2.36.0-3build1	atk1.0	2.36.0-3build1
libatk1.0-dev	2.36.0-3build1	atk1.0	2.36.0-3build1
libatomic1	12.3.0-1ubuntu1~22.04.3	gcc-12	12.3.0-1ubuntu1~22.04.3
libatspi2.0-0	2.44.0-3	at-spi2-core	2.44.0-3
libatspi2.0-dev	2.44.0-3	at-spi2-core	2.44.0-3
libattr1	1:2.5.1-1build1	attr	1:2.5.1-1build1
libattr1-dev	1:2.5.1-1build1	attr	1:2.5.1-1build1
libaudit1	1:3.0.7-1build1	audit	1:3.0.7-1build1
libavahi-client3	0.8-5ubuntu5.4	avahi	0.8-5ubuntu5.4
libavahi-common3	0.8-5ubuntu5.4	avahi	0.8-5ubuntu5.4
libbinutils	2.38-4ubuntu2.12	binutils	2.38-4ubuntu2.12
libblkid-dev	2.37.2-4ubuntu3.5	util-linux	2.37.2-4ubuntu3.5
libblkid1	2.37.2-4ubuntu3.5	util-linux	2.37.2-4ubuntu3.5
libbrotli-dev	1.0.9-2build6	brotli	1.0.9-2build6
libbrotli1	1.0.9-2build6	brotli	1.0.9-2build6
libbsd0	0.11.5-1	libbsd	0.11.5-1
libbz2-1.0	1.0.8-5build1	bzip2	1.0.8-5build1
libc6	2.35-0ubuntu3.13	glibc	2.35-0ubuntu3.13
libc6-dev	2.35-0ubuntu3.13	glibc	2.35-0ubuntu3.13
libcairo-gobject2	1.16.0-5ubuntu2.1	cairo	1.16.0-5ubuntu2.1
libcairo-script-interpreter2	1.16.0-5ubuntu2.1	cairo	1.16.0-5ubuntu2.1
libcairo2	1.16.0-5ubuntu2.1	cairo	1.16.0-5ubuntu2.1
libcairo2-dev	1.16.0-5ubuntu2.1	cairo	1.16.0-5ubuntu2.1
libcap-ng0	0.7.9-2.2build3	libcap-ng	0.7.9-2.2build3
libcap2	1:2.44-1ubuntu0.22.04.3	libcap2	1:2.44-1ubuntu0.22.04.3
libcc1-0	12.3.0-1ubuntu1~22.04.3	gcc-12	12.3.0-1ubuntu1~22.04.3
libclang1-14	1:14.0.0-1ubuntu1.1	llvm-toolchain-14	1:14.0.0-1ubuntu1.1
libcolord2	1.4.6-1	colord	1.4.6-1
libcom-err2	1.46.5-2ubuntu1.2	e2fsprogs	1.46.5-2ubuntu1.2
libcrypt-dev	1:4.4.27-1	libxcrypt	1:4.4.27-1
libcrypt1	1:4.4.27-1	libxcrypt	1:4.4.27-1
libcryptsetup12	2:2.4.3-1ubuntu1.3	cryptsetup	2:2.4.3-1ubuntu1.3
libct4	1.3.6-1	freetds	1.3.6-1
libctf-nobfd0	2.38-4ubuntu2.12	binutils	2.38-4ubuntu2.12
libctf0	2.38-4ubuntu2.12	binutils	2.38-4ubuntu2.12
libcups2	2.4.1op1-1ubuntu4.16	cups	2.4.1op1-1ubuntu4.16
libcups2-dev	2.4.1op1-1ubuntu4.16	cups	2.4.1op1-1ubuntu4.16
libcupsimage2	2.4.1op1-1ubuntu4.16	cups	2.4.1op1-1ubuntu4.16
libcupsimage2-dev	2.4.1op1-1ubuntu4.16	cups	2.4.1op1-1ubuntu4.16
libcurl4	7.81.0-1ubuntu1.23	curl	7.81.0-1ubuntu1.23
libdatrie-dev	0.2.13-2	libdatrie	0.2.13-2
libdatrie1	0.2.13-2	libdatrie	0.2.13-2
libdb5.3	5.3.28+dfsg1-0.8ubuntu3	db5.3	5.3.28+dfsg1-0.8ubuntu3
libdbus-1-3	1.12.20-2ubuntu4.1	dbus	1.12.20-2ubuntu4.1
libdbus-1-dev	1.12.20-2ubuntu4.1	dbus	1.12.20-2ubuntu4.1
libdbus-glib-1-2	0.112-2build1	dbus-glib	0.112-2build1
libdbus-glib-1-dev	0.112-2build1	dbus-glib	0.112-2build1
libdbusmenu-glib-dev	16.04.1+18.10.20180917-0ubuntu8	libdbusmenu	16.04.1+18.10.20180917-0ubuntu8
libdbusmenu-glib4	16.04.1+18.10.20180917-0ubuntu8	libdbusmenu	16.04.1+18.10.20180917-0ubuntu8
libdconf1	0.40.0-3ubuntu0.1	dconf	0.40.0-3ubuntu0.1
libdebconfclient0	0.261ubuntu1	cdebconf	0.261ubuntu1
libdee-1.0-4	1.2.7+17.10.20170616-6ubuntu4	dee	1.2.7+17.10.20170616-6ubuntu4
libdee-dev	1.2.7+17.10.20170616-6ubuntu4	dee	1.2.7+17.10.20170616-6ubuntu4
libdeflate-dev	1.10-2	libdeflate	1.10-2
libdeflate0	1.10-2	libdeflate	1.10-2
libdevmapper1.02.1	2:1.02.175-2.1ubuntu5	lvm2	2.03.11-2.1ubuntu5
libdouble-conversion-dev	3.1.7-4	double-conversion	3.1.7-4
libdouble-conversion3	3.1.7-4	double-conversion	3.1.7-4
libdrm-amdgpu1	2.4.113-2~ubuntu0.22.04.1	libdrm	2.4.113-2~ubuntu0.22.04.1
libdrm-dev	2.4.113-2~ubuntu0.22.04.1	libdrm	2.4.113-2~ubuntu0.22.04.1
libdrm-intel1	2.4.113-2~ubuntu0.22.04.1	libdrm	2.4.113-2~ubuntu0.22.04.1
libdrm-nouveau2	2.4.113-2~ubuntu0.22.04.1	libdrm	2.4.113-2~ubuntu0.22.04.1
libdrm-radeon1	2.4.113-2~ubuntu0.22.04.1	libdrm	2.4.113-2~ubuntu0.22.04.1
libdrm2	2.4.113-2~ubuntu0.22.04.1	libdrm	2.4.113-2~ubuntu0.22.04.1
libdw1	0.186-1ubuntu0.1	elfutils	0.186-1ubuntu0.1
libedit2	3.1-20210910-1build1	libedit	3.1-20210910-1build1
libegl-dev	1.4.0-1	libglvnd	1.4.0-1
libegl-mesa0	23.2.1-1ubuntu3.1~22.04.3	mesa	23.2.1-1ubuntu3.1~22.04.3
libegl1	1.4.0-1	libglvnd	1.4.0-1
libegl1-mesa-dev	23.2.1-1ubuntu3.1~22.04.3	mesa	23.2.1-1ubuntu3.1~22.04.3
libelf1	0.186-1ubuntu0.1	elfutils	0.186-1ubuntu0.1
libepoxy-dev	1.5.10-1	libepoxy	1.5.10-1
libepoxy0	1.5.10-1	libepoxy	1.5.10-1
libevdev-dev	1.12.1+dfsg-1	libevdev	1.12.1+dfsg-1
libevdev2	1.12.1+dfsg-1	libevdev	1.12.1+dfsg-1
libexpat1	2.4.7-1ubuntu0.7	expat	2.4.7-1ubuntu0.7
libexpat1-dev	2.4.7-1ubuntu0.7	expat	2.4.7-1ubuntu0.7
libext2fs-dev	1.46.5-2ubuntu1.2	e2fsprogs	1.46.5-2ubuntu1.2
libext2fs2	1.46.5-2ubuntu1.2	e2fsprogs	1.46.5-2ubuntu1.2
libfakeroot	1.28-1ubuntu1	fakeroot	1.28-1ubuntu1
libfbclient2	3.0.8.33535.ds4-1ubuntu2	firebird3.0	3.0.8.33535.ds4-1ubuntu2
libffi-dev	3.4.2-4	libffi	3.4.2-4
libffi8	3.4.2-4	libffi	3.4.2-4
libflac8	1.3.3-2ubuntu0.2	flac	1.3.3-2ubuntu0.2
libfontconfig-dev	2.13.1-4.2ubuntu5	fontconfig	2.13.1-4.2ubuntu5
libfontconfig1	2.13.1-4.2ubuntu5	fontconfig	2.13.1-4.2ubuntu5
libfreetype-dev	2.11.1+dfsg-1ubuntu0.3	freetype	2.11.1+dfsg-1ubuntu0.3
libfreetype6	2.11.1+dfsg-1ubuntu0.3	freetype	2.11.1+dfsg-1ubuntu0.3
libfribidi-dev	1.0.8-2ubuntu3.1	fribidi	1.0.8-2ubuntu3.1
libfribidi0	1.0.8-2ubuntu3.1	fribidi	1.0.8-2ubuntu3.1
libgbm-dev	23.2.1-1ubuntu3.1~22.04.3	mesa	23.2.1-1ubuntu3.1~22.04.3
libgbm1	23.2.1-1ubuntu3.1~22.04.3	mesa	23.2.1-1ubuntu3.1~22.04.3
libgcc-11-dev	11.4.0-1ubuntu1~22.04.3	gcc-11	11.4.0-1ubuntu1~22.04.3
libgcc-s1	12.3.0-1ubuntu1~22.04.3	gcc-12	12.3.0-1ubuntu1~22.04.3
libgcrypt20	1.9.4-3ubuntu3	libgcrypt20	1.9.4-3ubuntu3
libgcrypt20-dev	1.9.4-3ubuntu3	libgcrypt20	1.9.4-3ubuntu3
libgd3	2.3.0-2ubuntu2.3	libgd2	2.3.0-2ubuntu2.3
libgdbm-compat4	1.23-1	gdbm	1.23-1
libgdbm6	1.23-1	gdbm	1.23-1
libgdk-pixbuf-2.0-0	2.42.8+dfsg-1ubuntu0.5	gdk-pixbuf	2.42.8+dfsg-1ubuntu0.5
libgdk-pixbuf-2.0-dev	2.42.8+dfsg-1ubuntu0.5	gdk-pixbuf	2.42.8+dfsg-1ubuntu0.5
libgirepository-1.0-1	1.72.0-1	gobject-introspection	1.72.0-1
libgl-dev	1.4.0-1	libglvnd	1.4.0-1
libgl1	1.4.0-1	libglvnd	1.4.0-1
libgl1-mesa-dri	23.2.1-1ubuntu3.1~22.04.3	mesa	23.2.1-1ubuntu3.1~22.04.3
libglapi-mesa	23.2.1-1ubuntu3.1~22.04.3	mesa	23.2.1-1ubuntu3.1~22.04.3
libgles-dev	1.4.0-1	libglvnd	1.4.0-1
libgles1	1.4.0-1	libglvnd	1.4.0-1
libgles2	1.4.0-1	libglvnd	1.4.0-1
libglib2.0-0	2.72.4-0ubuntu2.9	glib2.0	2.72.4-0ubuntu2.9
libglib2.0-dev	2.72.4-0ubuntu2.9	glib2.0	2.72.4-0ubuntu2.9
libglu1-mesa	9.0.2-1	libglu	9.0.2-1
libglu1-mesa-dev	9.0.2-1	libglu	9.0.2-1
libglvnd-core-dev	1.4.0-1	libglvnd	1.4.0-1
libglvnd0	1.4.0-1	libglvnd	1.4.0-1
libglx-dev	1.4.0-1	libglvnd	1.4.0-1
libglx-mesa0	23.2.1-1ubuntu3.1~22.04.3	mesa	23.2.1-1ubuntu3.1~22.04.3
libglx0	1.4.0-1	libglvnd	1.4.0-1
libgmp10	2:6.2.1+dfsg-3ubuntu1	gmp	2:6.2.1+dfsg-3ubuntu1
libgnutls30	3.7.3-4ubuntu1.8	gnutls28	3.7.3-4ubuntu1.8
libgomp1	12.3.0-1ubuntu1~22.04.3	gcc-12	12.3.0-1ubuntu1~22.04.3
libgpg-error-dev	1.43-3	libgpg-error	1.43-3
libgpg-error0	1.43-3	libgpg-error	1.43-3
libgraphite2-3	1.3.14-1build2	graphite2	1.3.14-1build2
libgraphite2-dev	1.3.14-1build2	graphite2	1.3.14-1build2
libgssapi-krb5-2	1.19.2-2ubuntu0.7	krb5	1.19.2-2ubuntu0.7
libgssrpc4	1.19.2-2ubuntu0.7	krb5	1.19.2-2ubuntu0.7
libgtk-3-0	3.24.33-1ubuntu2.2	gtk+3.0	3.24.33-1ubuntu2.2
libgtk-3-dev	3.24.33-1ubuntu2.2	gtk+3.0	3.24.33-1ubuntu2.2
libgudev-1.0-0	1:237-2build1	libgudev	237-2build1
libgudev-1.0-dev	1:237-2build1	libgudev	237-2build1
libharfbuzz-dev	2.7.4-1ubuntu3.2	harfbuzz	2.7.4-1ubuntu3.2
libharfbuzz-gobject0	2.7.4-1ubuntu3.2	harfbuzz	2.7.4-1ubuntu3.2
libharfbuzz-icu0	2.7.4-1ubuntu3.2	harfbuzz	2.7.4-1ubuntu3.2
libharfbuzz0b	2.7.4-1ubuntu3.2	harfbuzz	2.7.4-1ubuntu3.2
libhogweed6	3.7.3-1build2	nettle	3.7.3-1build2
libib-util	3.0.8.33535.ds4-1ubuntu2	firebird3.0	3.0.8.33535.ds4-1ubuntu2
libice-dev	2:1.0.10-1build2	libice	2:1.0.10-1build2
libice6	2:1.0.10-1build2	libice	2:1.0.10-1build2
libicu-dev	70.1-2	icu	70.1-2
libicu70	70.1-2	icu	70.1-2
libidn2-0	2.3.2-2build1	libidn2	2.3.2-2build1
libinput-dev	1.20.0-1ubuntu0.3	libinput	1.20.0-1ubuntu0.3
libinput10	1.20.0-1ubuntu0.3	libinput	1.20.0-1ubuntu0.3
libip4tc2	1.8.7-1ubuntu5.2	iptables	1.8.7-1ubuntu5.2
libisl23	0.24-2build1	isl	0.24-2build1
libitm1	12.3.0-1ubuntu1~22.04.3	gcc-12	12.3.0-1ubuntu1~22.04.3
libjbig-dev	2.1-3.1ubuntu0.22.04.1	jbigkit	2.1-3.1ubuntu0.22.04.1
libjbig0	2.1-3.1ubuntu0.22.04.1	jbigkit	2.1-3.1ubuntu0.22.04.1
libjpeg-turbo8	2.1.2-0ubuntu1	libjpeg-turbo	2.1.2-0ubuntu1
libjpeg-turbo8-dev	2.1.2-0ubuntu1	libjpeg-turbo	2.1.2-0ubuntu1
libjson-c5	0.15-3~ubuntu1.22.04.2	json-c	0.15-3~ubuntu1.22.04.2
libjsoncpp25	1.9.5-3	libjsoncpp	1.9.5-3
libk5crypto3	1.19.2-2ubuntu0.7	krb5	1.19.2-2ubuntu0.7
libkadm5clnt-mit12	1.19.2-2ubuntu0.7	krb5	1.19.2-2ubuntu0.7
libkadm5srv-mit12	1.19.2-2ubuntu0.7	krb5	1.19.2-2ubuntu0.7
libkdb5-10	1.19.2-2ubuntu0.7	krb5	1.19.2-2ubuntu0.7
libkeyutils1	1.6.1-2ubuntu3	keyutils	1.6.1-2ubuntu3
libkmod2	29-1ubuntu1	kmod	29-1ubuntu1
libkrb5-3	1.19.2-2ubuntu0.7	krb5	1.19.2-2ubuntu0.7
libkrb5support0	1.19.2-2ubuntu0.7	krb5	1.19.2-2ubuntu0.7
libksba8	1.6.0-2ubuntu0.2	libksba	1.6.0-2ubuntu0.2
liblcms2-2	2.12~rc1-2build2	lcms2	2.12~rc1-2build2
libldap-2.5-0	2.5.20+dfsg-0ubuntu0.22.04.1	openldap	2.5.20+dfsg-0ubuntu0.22.04.1
libllvm14	1:14.0.0-1ubuntu1.1	llvm-toolchain-14	1:14.0.0-1ubuntu1.1
libllvm15	1:15.0.7-0ubuntu0.22.04.3	llvm-toolchain-15	1:15.0.7-0ubuntu0.22.04.3
liblsan0	12.3.0-1ubuntu1~22.04.3	gcc-12	12.3.0-1ubuntu1~22.04.3
libltdl7	2.4.6-15build2	libtool	2.4.6-15build2
liblz4-1	1.9.3-2build2	lz4	1.9.3-2build2
liblzma-dev	5.2.5-2ubuntu1	xz-utils	5.2.5-2ubuntu1
liblzma5	5.2.5-2ubuntu1	xz-utils	5.2.5-2ubuntu1
liblzo2-2	2.10-2build3	lzo2	2.10-2build3
libmagic1	1:5.41-3ubuntu0.1	file	1:5.41-3ubuntu0.1
libmarkdown2	2.2.7-2	discount	2.2.7-2
libmd0	1.0.4-1build1	libmd	1.0.4-1build1
libmd4c-dev	0.4.8-1	md4c	0.4.8-1
libmd4c0	0.4.8-1	md4c	0.4.8-1
libmount-dev	2.37.2-4ubuntu3.5	util-linux	2.37.2-4ubuntu3.5
libmount1	2.37.2-4ubuntu3.5	util-linux	2.37.2-4ubuntu3.5
libmpc3	1.2.1-2build1	mpclib3	1.2.1-2build1
libmpdec3	2.5.1-2build2	mpdecimal	2.5.1-2build2
libmpfr6	4.1.0-3build3	mpfr4	4.1.0-3build3
libmtdev-dev	1.1.6-1build4	mtdev	1.1.6-1build4
libmtdev1	1.1.6-1build4	mtdev	1.1.6-1build4
libmysqlclient-dev	8.0.45-0ubuntu0.22.04.1	mysql-8.0	8.0.45-0ubuntu0.22.04.1
libmysqlclient21	8.0.45-0ubuntu0.22.04.1	mysql-8.0	8.0.45-0ubuntu0.22.04.1
libncurses6	6.3-2ubuntu0.1	ncurses	6.3-2ubuntu0.1
libncursesw6	6.3-2ubuntu0.1	ncurses	6.3-2ubuntu0.1
libnettle8	3.7.3-1build2	nettle	3.7.3-1build2
libnghttp2-14	1.43.0-1ubuntu0.2	nghttp2	1.43.0-1ubuntu0.2
libnpth0	1.6-3build2	npth	1.6-3build2
libnsl-dev	1.3.0-2build2	libnsl	1.3.0-2build2
libnsl2	1.3.0-2build2	libnsl	1.3.0-2build2
libnss-systemd	249.11-0ubuntu3.20	systemd	249.11-0ubuntu3.20
libodbc2	2.3.9-5ubuntu0.1	unixodbc	2.3.9-5ubuntu0.1
libodbccr2	2.3.9-5ubuntu0.1	unixodbc	2.3.9-5ubuntu0.1
libodbcinst2	2.3.9-5ubuntu0.1	unixodbc	2.3.9-5ubuntu0.1
libogg0	1.3.5-0ubuntu3	libogg	1.3.5-0ubuntu3
libopengl-dev	1.4.0-1	libglvnd	1.4.0-1
libopengl0	1.4.0-1	libglvnd	1.4.0-1
libopus0	1.3.1-0.1build2	opus	1.3.1-0.1build2
libp11-kit0	0.24.0-6build1	p11-kit	0.24.0-6build1
libpam-modules	1.4.0-11ubuntu2.6	pam	1.4.0-11ubuntu2.6
libpam-systemd	249.11-0ubuntu3.20	systemd	249.11-0ubuntu3.20
libpam0g	1.4.0-11ubuntu2.6	pam	1.4.0-11ubuntu2.6
libpango-1.0-0	1.50.6+ds-2ubuntu1	pango1.0	1.50.6+ds-2ubuntu1
libpango1.0-dev	1.50.6+ds-2ubuntu1	pango1.0	1.50.6+ds-2ubuntu1
libpangocairo-1.0-0	1.50.6+ds-2ubuntu1	pango1.0	1.50.6+ds-2ubuntu1
libpangoft2-1.0-0	1.50.6+ds-2ubuntu1	pango1.0	1.50.6+ds-2ubuntu1
libpangoxft-1.0-0	1.50.6+ds-2ubuntu1	pango1.0	1.50.6+ds-2ubuntu1
libpciaccess-dev	0.16-3	libpciaccess	0.16-3
libpciaccess0	0.16-3	libpciaccess	0.16-3
libpcre16-3	2:8.39-13ubuntu0.22.04.1	pcre3	2:8.39-13ubuntu0.22.04.1
libpcre2-16-0	10.39-3ubuntu0.1	pcre2	10.39-3ubuntu0.1
libpcre2-32-0	10.39-3ubuntu0.1	pcre2	10.39-3ubuntu0.1
libpcre2-8-0	10.39-3ubuntu0.1	pcre2	10.39-3ubuntu0.1
libpcre2-dev	10.39-3ubuntu0.1	pcre2	10.39-3ubuntu0.1
libpcre2-posix3	10.39-3ubuntu0.1	pcre2	10.39-3ubuntu0.1
libpcre3	2:8.39-13ubuntu0.22.04.1	pcre3	2:8.39-13ubuntu0.22.04.1
libpcre3-dev	2:8.39-13ubuntu0.22.04.1	pcre3	2:8.39-13ubuntu0.22.04.1
libpcre32-3	2:8.39-13ubuntu0.22.04.1	pcre3	2:8.39-13ubuntu0.22.04.1
libpcrecpp0v5	2:8.39-13ubuntu0.22.04.1	pcre3	2:8.39-13ubuntu0.22.04.1
libperl5.34	5.34.0-3ubuntu1.5	perl	5.34.0-3ubuntu1.5
libpipeline1	1.5.5-1	libpipeline	1.5.5-1
libpixman-1-0	0.40.0-1ubuntu0.22.04.1	pixman	0.40.0-1ubuntu0.22.04.1
libpixman-1-dev	0.40.0-1ubuntu0.22.04.1	pixman	0.40.0-1ubuntu0.22.04.1
libpng-dev	1.6.37-3ubuntu0.4	libpng1.6	1.6.37-3ubuntu0.4
libpng16-16	1.6.37-3ubuntu0.4	libpng1.6	1.6.37-3ubuntu0.4
libpq-dev	14.22-0ubuntu0.22.04.1	postgresql-14	14.22-0ubuntu0.22.04.1
libpq5	14.22-0ubuntu0.22.04.1	postgresql-14	14.22-0ubuntu0.22.04.1
libprocps8	2:3.3.17-6ubuntu2.1	procps	2:3.3.17-6ubuntu2.1
libproxy-dev	0.4.17-2	libproxy	0.4.17-2
libproxy1v5	0.4.17-2	libproxy	0.4.17-2
libpsl5	0.21.0-1.2build2	libpsl	0.21.0-1.2build2
libpthread-stubs0-dev	0.4-1build2	libpthread-stubs	0.4-1build2
libpulse-dev	1:15.99.1+dfsg1-1ubuntu2.2	pulseaudio	1:15.99.1+dfsg1-1ubuntu2.2
libpulse-mainloop-glib0	1:15.99.1+dfsg1-1ubuntu2.2	pulseaudio	1:15.99.1+dfsg1-1ubuntu2.2
libpulse0	1:15.99.1+dfsg1-1ubuntu2.2	pulseaudio	1:15.99.1+dfsg1-1ubuntu2.2
libqt5concurrent5	5.15.3+dfsg-2ubuntu0.2	qtbase-opensource-src	5.15.3+dfsg-2ubuntu0.2
libqt5core5a	5.15.3+dfsg-2ubuntu0.2	qtbase-opensource-src	5.15.3+dfsg-2ubuntu0.2
libqt5dbus5	5.15.3+dfsg-2ubuntu0.2	qtbase-opensource-src	5.15.3+dfsg-2ubuntu0.2
libqt5gui5	5.15.3+dfsg-2ubuntu0.2	qtbase-opensource-src	5.15.3+dfsg-2ubuntu0.2
libqt5help5	5.15.3-1	qttools-opensource-src	5.15.3-1
libqt5network5	5.15.3+dfsg-2ubuntu0.2	qtbase-opensource-src	5.15.3+dfsg-2ubuntu0.2
libqt5printsupport5	5.15.3+dfsg-2ubuntu0.2	qtbase-opensource-src	5.15.3+dfsg-2ubuntu0.2
libqt5sql5	5.15.3+dfsg-2ubuntu0.2	qtbase-opensource-src	5.15.3+dfsg-2ubuntu0.2
libqt5sql5-sqlite	5.15.3+dfsg-2ubuntu0.2	qtbase-opensource-src	5.15.3+dfsg-2ubuntu0.2
libqt5test5	5.15.3+dfsg-2ubuntu0.2	qtbase-opensource-src	5.15.3+dfsg-2ubuntu0.2
libqt5widgets5	5.15.3+dfsg-2ubuntu0.2	qtbase-opensource-src	5.15.3+dfsg-2ubuntu0.2
libqt5xml5	5.15.3+dfsg-2ubuntu0.2	qtbase-opensource-src	5.15.3+dfsg-2ubuntu0.2
libquadmath0	12.3.0-1ubuntu1~22.04.3	gcc-12	12.3.0-1ubuntu1~22.04.3
libreadline8	8.1.2-1	readline	8.1.2-1
librhash0	1.4.2-1ubuntu1	rhash	1.4.2-1ubuntu1
librtmp1	2.4+20151223.gitfa8646d.1-2build4	rtmpdump	2.4+20151223.gitfa8646d.1-2build4
libsasl2-2	2.1.27+dfsg2-3ubuntu1.2	cyrus-sasl2	2.1.27+dfsg2-3ubuntu1.2
libsasl2-modules-db	2.1.27+dfsg2-3ubuntu1.2	cyrus-sasl2	2.1.27+dfsg2-3ubuntu1.2
libseccomp2	2.5.3-2ubuntu3~22.04.1	libseccomp	2.5.3-2ubuntu3~22.04.1
libsecret-1-0	0.20.5-2	libsecret	0.20.5-2
libsecret-1-dev	0.20.5-2	libsecret	0.20.5-2
libselinux1	3.3-1build2	libselinux	3.3-1build2
libselinux1-dev	3.3-1build2	libselinux	3.3-1build2
libsemanage2	3.3-1build2	libsemanage	3.3-1build2
libsensors5	1:3.6.0-7ubuntu1	lm-sensors	1:3.6.0-7ubuntu1
libsepol-dev	3.3-1build1	libsepol	3.3-1build1
libsepol2	3.3-1build1	libsepol	3.3-1build1
libsigsegv2	2.13-1ubuntu3	libsigsegv	2.13-1ubuntu3
libsm-dev	2:1.2.3-1build2	libsm	2:1.2.3-1build2
libsm6	2:1.2.3-1build2	libsm	2:1.2.3-1build2
libsmartcols1	2.37.2-4ubuntu3.5	util-linux	2.37.2-4ubuntu3.5
libsndfile1	1.0.31-2ubuntu0.2	libsndfile	1.0.31-2ubuntu0.2
libsqlite3-0	3.37.2-2ubuntu0.5	sqlite3	3.37.2-2ubuntu0.5
libsqlite3-dev	3.37.2-2ubuntu0.5	sqlite3	3.37.2-2ubuntu0.5
libss2	1.46.5-2ubuntu1.2	e2fsprogs	1.46.5-2ubuntu1.2
libssh-4	0.9.6-2ubuntu0.22.04.7	libssh	0.9.6-2ubuntu0.22.04.7
libssl-dev	3.0.2-0ubuntu1.23	openssl	3.0.2-0ubuntu1.23
libssl3	3.0.2-0ubuntu1.23	openssl	3.0.2-0ubuntu1.23
libstdc++-11-dev	11.4.0-1ubuntu1~22.04.3	gcc-11	11.4.0-1ubuntu1~22.04.3
libstdc++6	12.3.0-1ubuntu1~22.04.3	gcc-12	12.3.0-1ubuntu1~22.04.3
libsybdb5	1.3.6-1	freetds	1.3.6-1
libsystemd0	249.11-0ubuntu3.20	systemd	249.11-0ubuntu3.20
libtasn1-6	4.18.0-4ubuntu0.2	libtasn1-6	4.18.0-4ubuntu0.2
libthai-dev	0.1.29-1build1	libthai	0.1.29-1build1
libthai0	0.1.29-1build1	libthai	0.1.29-1build1
libtiff-dev	4.3.0-6ubuntu0.13	tiff	4.3.0-6ubuntu0.13
libtiff5	4.3.0-6ubuntu0.13	tiff	4.3.0-6ubuntu0.13
libtiffxx5	4.3.0-6ubuntu0.13	tiff	4.3.0-6ubuntu0.13
libtinfo6	6.3-2ubuntu0.1	ncurses	6.3-2ubuntu0.1
libtirpc-dev	1.3.2-2ubuntu0.1	libtirpc	1.3.2-2ubuntu0.1
libtirpc3	1.3.2-2ubuntu0.1	libtirpc	1.3.2-2ubuntu0.1
libtommath1	1.2.0-6ubuntu0.22.04.1	libtommath	1.2.0-6ubuntu0.22.04.1
libtsan0	11.4.0-1ubuntu1~22.04.3	gcc-11	11.4.0-1ubuntu1~22.04.3
libubsan1	12.3.0-1ubuntu1~22.04.3	gcc-12	12.3.0-1ubuntu1~22.04.3
libuchardet0	0.0.7-1build2	uchardet	0.0.7-1build2
libudev-dev	249.11-0ubuntu3.20	systemd	249.11-0ubuntu3.20
libudev1	249.11-0ubuntu3.20	systemd	249.11-0ubuntu3.20
libunistring2	1.0-1	libunistring	1.0-1
libunity-dev	7.1.4+19.04.20190319-6build1	libunity	7.1.4+19.04.20190319-6build1
libunity-protocol-private0	7.1.4+19.04.20190319-6build1	libunity	7.1.4+19.04.20190319-6build1
libunity9	7.1.4+19.04.20190319-6build1	libunity	7.1.4+19.04.20190319-6build1
libunwind	1:20.1.8~++20250708082409+6fb913d3e2ec-1~exp1~20250708202428.132	llvm-toolchain-20	1:20.1.8~++20250708082409+6fb913d3e2ec-1~exp1~20250708202428.132
libunwind-20-dev	1:20.1.8~++20250708082409+6fb913d3e2ec-1~exp1~20250708202428.132	llvm-toolchain-20	1:20.1.8~++20250708082409+6fb913d3e2ec-1~exp1~20250708202428.132
libuuid1	2.37.2-4ubuntu3.5	util-linux	2.37.2-4ubuntu3.5
libuv1	1.43.0-1ubuntu0.1	libuv1	1.43.0-1ubuntu0.1
libvorbis0a	1.3.7-1build2	libvorbis	1.3.7-1build2
libvorbisenc2	1.3.7-1build2	libvorbis	1.3.7-1build2
libvulkan-dev	1.3.204.1-2	vulkan-loader	1.3.204.1-2
libvulkan1	1.3.204.1-2	vulkan-loader	1.3.204.1-2
libwacom-dev	2.2.0-1	libwacom	2.2.0-1
libwacom9	2.2.0-1	libwacom	2.2.0-1
libwayland-client0	1.20.0-1ubuntu0.1	wayland	1.20.0-1ubuntu0.1
libwayland-cursor0	1.20.0-1ubuntu0.1	wayland	1.20.0-1ubuntu0.1
libwayland-dev	1.20.0-1ubuntu0.1	wayland	1.20.0-1ubuntu0.1
libwayland-egl1	1.20.0-1ubuntu0.1	wayland	1.20.0-1ubuntu0.1
libwayland-server0	1.20.0-1ubuntu0.1	wayland	1.20.0-1ubuntu0.1
libwebp7	1.2.2-2ubuntu0.22.04.2	libwebp	1.2.2-2ubuntu0.22.04.2
libx11-6	2:1.7.5-1ubuntu0.3	libx11	2:1.7.5-1ubuntu0.3
libx11-dev	2:1.7.5-1ubuntu0.3	libx11	2:1.7.5-1ubuntu0.3
libx11-xcb-dev	2:1.7.5-1ubuntu0.3	libx11	2:1.7.5-1ubuntu0.3
libx11-xcb1	2:1.7.5-1ubuntu0.3	libx11	2:1.7.5-1ubuntu0.3
libxau-dev	1:1.0.9-1build5	libxau	1:1.0.9-1build5
libxau6	1:1.0.9-1build5	libxau	1:1.0.9-1build5
libxaw7	2:1.0.14-1	libxaw	2:1.0.14-1
libxcb-cursor-dev	0.1.1-4ubuntu1	xcb-util-cursor	0.1.1-4ubuntu1
libxcb-cursor0	0.1.1-4ubuntu1	xcb-util-cursor	0.1.1-4ubuntu1
libxcb-dri2-0	1.14-3ubuntu3	libxcb	1.14-3ubuntu3
libxcb-dri3-0	1.14-3ubuntu3	libxcb	1.14-3ubuntu3
libxcb-glx0	1.14-3ubuntu3	libxcb	1.14-3ubuntu3
libxcb-glx0-dev	1.14-3ubuntu3	libxcb	1.14-3ubuntu3
libxcb-icccm4	0.4.1-1.1build2	xcb-util-wm	0.4.1-1.1build2
libxcb-icccm4-dev	0.4.1-1.1build2	xcb-util-wm	0.4.1-1.1build2
libxcb-image0	0.4.0-2	xcb-util-image	0.4.0-2
libxcb-image0-dev	0.4.0-2	xcb-util-image	0.4.0-2
libxcb-keysyms1	0.4.0-1build3	xcb-util-keysyms	0.4.0-1build3
libxcb-keysyms1-dev	0.4.0-1build3	xcb-util-keysyms	0.4.0-1build3
libxcb-present0	1.14-3ubuntu3	libxcb	1.14-3ubuntu3
libxcb-randr0	1.14-3ubuntu3	libxcb	1.14-3ubuntu3
libxcb-randr0-dev	1.14-3ubuntu3	libxcb	1.14-3ubuntu3
libxcb-render-util0	0.3.9-1build3	xcb-util-renderutil	0.3.9-1build3
libxcb-render-util0-dev	0.3.9-1build3	xcb-util-renderutil	0.3.9-1build3
libxcb-render0	1.14-3ubuntu3	libxcb	1.14-3ubuntu3
libxcb-render0-dev	1.14-3ubuntu3	libxcb	1.14-3ubuntu3
libxcb-shape0	1.14-3ubuntu3	libxcb	1.14-3ubuntu3
libxcb-shape0-dev	1.14-3ubuntu3	libxcb	1.14-3ubuntu3
libxcb-shm0	1.14-3ubuntu3	libxcb	1.14-3ubuntu3
libxcb-shm0-dev	1.14-3ubuntu3	libxcb	1.14-3ubuntu3
libxcb-sync-dev	1.14-3ubuntu3	libxcb	1.14-3ubuntu3
libxcb-sync1	1.14-3ubuntu3	libxcb	1.14-3ubuntu3
libxcb-util-dev	0.4.0-1build2	xcb-util	0.4.0-1build2
libxcb-util1	0.4.0-1build2	xcb-util	0.4.0-1build2
libxcb-xfixes0	1.14-3ubuntu3	libxcb	1.14-3ubuntu3
libxcb-xfixes0-dev	1.14-3ubuntu3	libxcb	1.14-3ubuntu3
libxcb-xinerama0	1.14-3ubuntu3	libxcb	1.14-3ubuntu3
libxcb-xinerama0-dev	1.14-3ubuntu3	libxcb	1.14-3ubuntu3
libxcb-xinput-dev	1.14-3ubuntu3	libxcb	1.14-3ubuntu3
libxcb-xinput0	1.14-3ubuntu3	libxcb	1.14-3ubuntu3
libxcb-xkb-dev	1.14-3ubuntu3	libxcb	1.14-3ubuntu3
libxcb-xkb1	1.14-3ubuntu3	libxcb	1.14-3ubuntu3
libxcb1	1.14-3ubuntu3	libxcb	1.14-3ubuntu3
libxcb1-dev	1.14-3ubuntu3	libxcb	1.14-3ubuntu3
libxcomposite-dev	1:0.4.5-1build2	libxcomposite	1:0.4.5-1build2
libxcomposite1	1:0.4.5-1build2	libxcomposite	1:0.4.5-1build2
libxcursor-dev	1:1.2.0-2build4	libxcursor	1:1.2.0-2build4
libxcursor1	1:1.2.0-2build4	libxcursor	1:1.2.0-2build4
libxdamage-dev	1:1.1.5-2build2	libxdamage	1:1.1.5-2build2
libxdamage1	1:1.1.5-2build2	libxdamage	1:1.1.5-2build2
libxdmcp-dev	1:1.1.3-0ubuntu5	libxdmcp	1:1.1.3-0ubuntu5
libxdmcp6	1:1.1.3-0ubuntu5	libxdmcp	1:1.1.3-0ubuntu5
libxext-dev	2:1.3.4-1build1	libxext	2:1.3.4-1build1
libxext6	2:1.3.4-1build1	libxext	2:1.3.4-1build1
libxfixes-dev	1:6.0.0-1	libxfixes	1:6.0.0-1
libxfixes3	1:6.0.0-1	libxfixes	1:6.0.0-1
libxft-dev	2.3.4-1	xft	2.3.4-1
libxft2	2.3.4-1	xft	2.3.4-1
libxi-dev	2:1.8-1build1	libxi	2:1.8-1build1
libxi6	2:1.8-1build1	libxi	2:1.8-1build1
libxinerama-dev	2:1.1.4-3	libxinerama	2:1.1.4-3
libxinerama1	2:1.1.4-3	libxinerama	2:1.1.4-3
libxkbcommon-dev	1.4.0-1	libxkbcommon	1.4.0-1
libxkbcommon-x11-0	1.4.0-1	libxkbcommon	1.4.0-1
libxkbcommon-x11-dev	1.4.0-1	libxkbcommon	1.4.0-1
libxkbcommon0	1.4.0-1	libxkbcommon	1.4.0-1
libxml2	2.9.13+dfsg-1ubuntu0.11	libxml2	2.9.13+dfsg-1ubuntu0.11
libxmu6	2:1.1.3-3	libxmu	2:1.1.3-3
libxpm4	1:3.5.12-1ubuntu0.22.04.2	libxpm	1:3.5.12-1ubuntu0.22.04.2
libxrandr-dev	2:1.5.2-1build1	libxrandr	2:1.5.2-1build1
libxrandr2	2:1.5.2-1build1	libxrandr	2:1.5.2-1build1
libxrender-dev	1:0.9.10-1build4	libxrender	1:0.9.10-1build4
libxrender1	1:0.9.10-1build4	libxrender	1:0.9.10-1build4
libxshmfence1	1.3-1build4	libxshmfence	1.3-1build4
libxt6	1:1.2.1-1	libxt	1:1.2.1-1
libxtst-dev	2:1.2.3-1build4	libxtst	2:1.2.3-1build4
libxtst6	2:1.2.3-1build4	libxtst	2:1.2.3-1build4
libxxf86vm1	1:1.1.4-1build3	libxxf86vm	1:1.1.4-1build3
libxxhash0	0.8.1-1	xxhash	0.8.1-1
libyaml-0-2	0.2.2-1build2	libyaml	0.2.2-1build2
libzstd-dev	1.4.8+dfsg-3build1	libzstd	1.4.8+dfsg-3build1
libzstd1	1.4.8+dfsg-3build1	libzstd	1.4.8+dfsg-3build1
linux-libc-dev	5.15.0-176.186	linux	5.15.0-176.186
make	4.3-4.1build1	make-dfsg	4.3-4.1build1
qt5-qmake	5.15.3+dfsg-2ubuntu0.2	qtbase-opensource-src	5.15.3+dfsg-2ubuntu0.2
qtbase5-dev	5.15.3+dfsg-2ubuntu0.2	qtbase-opensource-src	5.15.3+dfsg-2ubuntu0.2
rpcsvc-proto	1.4.2-0ubuntu6	rpcsvc-proto	1.4.2-0ubuntu6
shared-mime-info	2.1-2	shared-mime-info	2.1-2
sudo	1.9.9-1ubuntu2.6	sudo	1.9.9-1ubuntu2.6
systemd	249.11-0ubuntu3.20	systemd	249.11-0ubuntu3.20
unixodbc-dev	2.3.9-5ubuntu0.1	unixodbc	2.3.9-5ubuntu0.1
uuid-dev	2.37.2-4ubuntu3.5	util-linux	2.37.2-4ubuntu3.5
wayland-protocols	1.25-1	wayland-protocols	1.25-1
x11proto-dev	2021.5-1	xorgproto	2021.5-1
xkb-data	2.33-1	xkeyboard-config	2.33-1
xorg-sgml-doctools	1:1.11-1.1	xorg-sgml-doctools	1:1.11-1.1
xtrans-dev	1.4.0-1	xtrans	1.4.0-1
zlib1g	1:1.2.11.dfsg-2ubuntu9.2	zlib	1:1.2.11.dfsg-2ubuntu9.2
zlib1g-dev	1:1.2.11.dfsg-2ubuntu9.2	zlib	1:1.2.11.dfsg-2ubuntu9.2
